[
  {"lat": -26.2041, "lng": 28.0473, "address": "Carlton Centre, 150 Commissioner St, JHB", "tradingHours": ["08:00-17:00 Monday-Friday", "08:00-13:00 Saturday"], "contact": "0860 102 043"},
  {"lat": -33.9249, "lng": 18.4241, "address": "Golden Acre Centre, Adderley St, CT", "tradingHours": ["08:00-17:00 Monday-Friday", "08:00-13:00 Saturday"], "contact": "0860 102 043"},
  {"lat": -29.8587, "lng": 31.0218, "address": "The Workshop, 99 Samora Machel St, DBN", "tradingHours": ["08:00-17:00 Monday-Friday", "08:00-13:00 Saturday"], "contact": "0860 102 043"},
  {"lat": -25.7479, "lng": 28.1871, "address": "012 Central, 381 Helen Joseph St, PTA", "tradingHours": ["08:00-17:00 Monday-Friday", "08:00-13:00 Saturday"], "contact": "0860 102 043"},
  {"lat": -26.1132, "lng": 28.0524, "address": "Sandton City, Rivonia Rd, Sandton", "tradingHours": ["09:00-18:00 Monday-Friday", "09:00-17:00 Saturday"], "contact": "0860 102 043"},
  {"lat": -33.9712, "lng": 18.4649, "address": "Cavendish Square, Dreyer St, Claremont", "tradingHours": ["09:00-18:00 Monday-Friday", "09:00-17:00 Saturday"], "contact": "0860 102 043"},
  {"lat": -26.1462, "lng": 27.9155, "address": "Cresta Shopping Centre, Beyers Naudé Dr", "tradingHours": ["09:00-18:00 Monday-Friday", "09:00-17:00 Saturday"], "contact": "0860 102 043"},
  {"lat": -25.8624, "lng": 28.1883, "address": "Centurion Mall, Heuwel Rd, Centurion", "tradingHours": ["09:00-18:00 Monday-Friday", "09:00-17:00 Saturday"], "contact": "0860 102 043"},
  {"lat": -29.7258, "lng": 31.0659, "address": "Gateway Theatre, 1 Palm Blvd, Umhlanga", "tradingHours": ["09:00-19:00 Monday-Friday", "09:00-18:00 Saturday"], "contact": "0860 102 043"},
  {"lat": -34.0209, "lng": 18.4651, "address": "Blue Route Mall, Tokai Rd, Cape Town", "tradingHours": ["09:00-18:00 Monday-Friday", "09:00-17:00 Saturday"], "contact": "0860 102 043"},
  {"lat": -26.1883, "lng": 28.0298, "address": "44 Stanley Ave, Milpark, JHB", "tradingHours": ["08:00-17:00 Monday-Friday", "08:00-13:00 Saturday"], "contact": "0860 102 043"},
  {"lat": -25.7816, "lng": 28.2771, "address": "Menlyn Park Mall, Atterbury Rd, PTA", "tradingHours": ["09:00-19:00 Monday-Friday", "09:00-18:00 Saturday"], "contact": "0860 102 043"},
  {"lat": -33.9114, "lng": 18.6438, "address": "Tygervalley Centre, Willie van Schoor Dr", "tradingHours": ["09:00-18:00 Monday-Friday", "09:00-17:00 Saturday"], "contact": "0860 102 043"},
  {"lat": -29.8456, "lng": 30.9341, "address": "Pavilion Mall, Jack Martens Dr, Westville", "tradingHours": ["09:00-19:00 Monday-Friday", "09:00-18:00 Saturday"], "contact": "0860 102 043"},
  {"lat": -26.0267, "lng": 28.0125, "address": "Montecasino, Montecasino Blvd, Fourways", "tradingHours": ["10:00-19:00 Monday-Friday", "10:00-18:00 Saturday"], "contact": "0860 102 043"},
  {"lat": -33.8447, "lng": 18.6942, "address": "CapeGate Mall, Okavango Rd, Brackenfell", "tradingHours": ["09:00-18:00 Monday-Friday", "09:00-17:00 Saturday"], "contact": "0860 102 043"},
  {"lat": -26.2651, "lng": 28.1223, "address": "Alberton City, Voortrekker Rd, Alberton", "tradingHours": ["09:00-18:00 Monday-Friday", "09:00-14:00 Saturday"], "contact": "0860 102 043"},
  {"lat": -25.9892, "lng": 28.1283, "address": "Mall of Africa, Magwa Cres, Midrand", "tradingHours": ["09:00-20:00 Monday-Friday", "09:00-18:00 Saturday"], "contact": "0860 102 043"},
  {"lat": -34.0751, "lng": 18.8576, "address": "Somerset Mall, N2 & R44, Somerset West", "tradingHours": ["09:00-18:00 Monday-Friday", "09:00-17:00 Saturday"], "contact": "0860 102 043"},
  {"lat": -29.8021, "lng": 30.9754, "address": "Musgrave Centre, Musgrave Rd, Durban", "tradingHours": ["09:00-18:00 Monday-Friday", "09:00-15:00 Saturday"], "contact": "0860 102 043"},
  {"lat": -26.1364, "lng": 28.2411, "address": "East Rand Mall, Bentel Ave, Boksburg", "tradingHours": ["09:00-18:00 Monday-Friday", "09:00-17:00 Saturday"], "contact": "0860 102 043"},
  {"lat": -33.8935, "lng": 18.5132, "address": "Canal Walk, Century Blvd, Century City", "tradingHours": ["09:00-19:00 Monday-Friday", "09:00-17:00 Saturday"], "contact": "0860 102 043"},
  {"lat": -26.1261, "lng": 28.1021, "address": "Eastgate Shopping Centre, Bedfordview", "tradingHours": ["09:00-18:00 Monday-Friday", "09:00-17:00 Saturday"], "contact": "0860 102 043"},
  {"lat": -25.7533, "lng": 28.2241, "address": "Hatfield Plaza, Burnett St, Pretoria", "tradingHours": ["08:00-17:00 Monday-Friday", "08:00-13:00 Saturday"], "contact": "0860 102 043"},
  {"lat": -29.8251, "lng": 31.0112, "address": "Windermere Centre, Lilian Ngoyi Rd, DBN", "tradingHours": ["09:00-18:00 Monday-Friday", "09:00-15:00 Saturday"], "contact": "0860 102 043"},
  {"lat": -26.1584, "lng": 27.9032, "address": "Northcliff Corner, Beyers Naude Dr", "tradingHours": ["08:00-17:00 Monday-Friday", "08:00-13:00 Saturday"], "contact": "0860 102 043"},
  {"lat": -33.9012, "lng": 18.6114, "address": "N1 City Mall, Louwtjie Rothman St", "tradingHours": ["09:00-18:00 Monday-Friday", "09:00-17:00 Saturday"], "contact": "0860 102 043"},
  {"lat": -26.2341, "lng": 27.8611, "address": "Maponya Mall, Chris Hani Rd, Soweto", "tradingHours": ["09:00-18:00 Monday-Friday", "09:00-17:00 Saturday"], "contact": "011 938 1517"},
  {"lat": -25.6711, "lng": 28.1121, "address": "Wonderpark Centre, Heinrich Ave, PTA", "tradingHours": ["09:00-19:00 Monday-Friday", "09:00-14:00 Saturday"], "contact": "0860 102 043"},
  {"lat": -29.9712, "lng": 30.9431, "address": "Galleria Mall, Arbour Rd, Amanzimtoti", "tradingHours": ["09:00-18:00 Monday-Friday", "09:00-17:00 Saturday"], "contact": "0860 102 043"},
  {"lat": -26.1711, "lng": 27.9231, "address": "Randridge Mall, John Vorster Dr", "tradingHours": ["09:00-18:00 Monday-Friday", "09:00-13:00 Saturday"], "contact": "0860 102 043"},
  {"lat": -34.0411, "lng": 18.7012, "address": "Mitchells Plain Promenade, Kapteinsklip Rd", "tradingHours": ["08:00-17:00 Monday-Friday", "08:00-13:00 Saturday"], "contact": "0860 102 043"},
  {"lat": -26.0411, "lng": 27.9812, "address": "Fourways Mall, William Nicol Dr", "tradingHours": ["09:00-18:00 Monday-Friday", "09:00-17:00 Saturday"], "contact": "0860 102 043"},
  {"lat": -25.7141, "lng": 28.2511, "address": "Kolonnade Mall, Zambesi Dr, PTA", "tradingHours": ["09:00-18:00 Monday-Friday", "09:00-17:00 Saturday"], "contact": "0860 102 043"},
  {"lat": -29.8111, "lng": 30.9111, "address": "Westville Mall, Buckingham Terrace", "tradingHours": ["09:00-18:00 Monday-Friday", "09:00-15:00 Saturday"], "contact": "0860 102 043"},
  {"lat": -26.2111, "lng": 28.0211, "address": "Oriental Plaza, Lilian Ngoyi St, JHB", "tradingHours": ["08:30-17:00 Monday-Friday", "08:30-13:00 Saturday"], "contact": "0860 102 043"},
  {"lat": -33.9511, "lng": 18.5111, "address": "Vangate Mall, Jakes Gerwel Dr, Athlone", "tradingHours": ["09:00-18:00 Monday-Friday", "09:00-17:00 Saturday"], "contact": "0860 102 043"},
  {"lat": -26.2711, "lng": 27.9111, "address": "Southgate Mall, Rifle Range Rd", "tradingHours": ["09:00-18:00 Monday-Friday", "09:00-17:00 Saturday"], "contact": "0860 102 043"},
  {"lat": -25.7611, "lng": 28.3111, "address": "The Grove Mall, Lynnwood Rd, PTA", "tradingHours": ["09:00-18:00 Monday-Friday", "09:00-17:00 Saturday"], "contact": "0860 102 043"},
  {"lat": -29.6111, "lng": 30.3811, "address": "Liberty Midlands Mall, Sanctuary Rd", "tradingHours": ["09:00-18:00 Monday-Friday", "09:00-17:00 Saturday"], "contact": "0860 102 043"},
  {"lat": -26.1011, "lng": 28.0111, "address": "Rosebank Mall, Bath Ave, Rosebank", "tradingHours": ["09:00-18:00 Monday-Friday", "09:00-17:00 Saturday"], "contact": "0860 102 043"},
  {"lat": -33.9211, "lng": 18.4411, "address": "Woodstock Exchange, Albert Rd, CT", "tradingHours": ["08:00-17:00 Monday-Friday", "08:00-13:00 Saturday"], "contact": "0860 102 043"},
  {"lat": -26.2411, "lng": 27.8111, "address": "Jabulani Mall, Bolani Rd, Soweto", "tradingHours": ["09:00-18:00 Monday-Friday", "09:00-17:00 Saturday"], "contact": "0860 102 043"},
  {"lat": -25.7411, "lng": 28.1411, "address": "Quagga Centre, Church St, Pretoria West", "tradingHours": ["09:00-18:00 Monday-Friday", "09:00-15:00 Saturday"], "contact": "0860 102 043"},
  {"lat": -29.8511, "lng": 31.0311, "address": "Marine Parade, Snell Parade, DBN", "tradingHours": ["08:00-17:00 Monday-Friday", "08:00-13:00 Saturday"], "contact": "0860 102 043"},
  {"lat": -26.1411, "lng": 28.1811, "address": "Bedford Centre, Smith Rd, Bedfordview", "tradingHours": ["09:00-18:00 Monday-Friday", "09:00-17:00 Saturday"], "contact": "0860 102 043"},
  {"lat": -33.9811, "lng": 18.4711, "address": "Kenilworth Centre, Doncaster Rd", "tradingHours": ["09:00-18:00 Monday-Friday", "09:00-17:00 Saturday"], "contact": "0860 102 043"},
  {"lat": -26.2911, "lng": 28.0511, "address": "Mall of the South, Kliprivier Dr", "tradingHours": ["09:00-18:00 Monday-Friday", "08:30-15:00 Saturday"], "contact": "011 682 2668"},
  {"lat": -25.7711, "lng": 28.2311, "address": "Brooklyn Mall, Veale St, PTA", "tradingHours": ["09:00-18:00 Monday-Friday", "09:00-17:00 Saturday"], "contact": "0860 102 043"},
  {"lat": -29.8711, "lng": 30.9811, "address": "Davenport Square, Brand Rd, Glenwood", "tradingHours": ["09:00-18:00 Monday-Friday", "09:00-13:00 Saturday"], "contact": "0860 102 043"},
  {"lat": -26.0911, "lng": 27.8111, "address": "Cradlestone Mall, Hendrik Potgieter Rd", "tradingHours": ["09:00-18:00 Monday-Friday", "09:00-17:00 Saturday"], "contact": "0860 102 043"},
  {"lat": -33.8511, "lng": 18.6511, "address": "Sanlam Centre, Voortrekker Rd, Parow", "tradingHours": ["08:30-17:30 Monday-Friday", "08:30-13:00 Saturday"], "contact": "0860 102 043"},
  {"lat": -26.1911, "lng": 28.0411, "address": "Park Station, Rissik St, Braamfontein", "tradingHours": ["09:00-18:00 Monday-Friday", "08:00-13:00 Saturday"], "contact": "0860 102 043"},
  {"lat": -25.7911, "lng": 28.2111, "address": "Sunnypark Shopping Centre, Robert Sobukwe", "tradingHours": ["09:00-18:00 Monday-Friday", "09:00-15:00 Saturday"], "contact": "0860 102 043"},
  {"lat": -29.8411, "lng": 31.0111, "address": "Royal Hotel Arcade, Smith St, DBN", "tradingHours": ["08:00-17:00 Monday-Friday", "08:00-13:00 Saturday"], "contact": "0860 102 043"},
  {"lat": -26.4111, "lng": 28.1111, "address": "Heidelberg Mall, N3 Highway, Heidelberg", "tradingHours": ["09:00-18:00 Monday-Friday", "09:00-17:00 Saturday"], "contact": "0860 102 043"},
  {"lat": -33.9111, "lng": 18.4211, "address": "V&A Waterfront, Breakwater Blvd, CT", "tradingHours": ["09:00-21:00 Monday-Sunday"], "contact": "0860 102 043"},
  {"lat": -26.2511, "lng": 28.2111, "address": "Carnival Mall, Airport Rd, Brakpan", "tradingHours": ["09:00-18:00 Monday-Friday", "09:00-17:00 Saturday"], "contact": "0860 102 043"},
  {"lat": -25.8111, "lng": 28.2811, "address": "Waterkloof Corner, Main St, PTA", "tradingHours": ["08:00-17:00 Monday-Friday", "08:00-13:00 Saturday"], "contact": "0860 102 043"},
  {"lat": -29.7811, "lng": 30.7111, "address": "Kloof Village Mall, Old Main Rd", "tradingHours": ["09:00-18:00 Monday-Friday", "09:00-13:00 Saturday"], "contact": "0860 102 043"},
  {"lat": -26.1511, "lng": 27.9111, "address": "Heathway Centre, Beyers Naude Dr", "tradingHours": ["08:00-17:00 Monday-Friday", "08:00-13:00 Saturday"], "contact": "0860 102 043"},
  {"lat": -34.1511, "lng": 18.8411, "address": "Waterstone Village, Main Rd, Somerset West", "tradingHours": ["09:00-18:00 Monday-Friday", "09:00-17:00 Saturday"], "contact": "0860 102 043"},
  {"lat": -26.2011, "lng": 28.0511, "address": "Ghandi Square, New St, JHB Central", "tradingHours": ["08:00-17:00 Monday-Friday", "08:00-13:00 Saturday"], "contact": "0860 102 043"},
  {"lat": -25.7511, "lng": 28.1911, "address": "Pick n Pay Die Meent, Pretorius St", "tradingHours": ["08:00-17:30 Monday-Friday", "08:00-14:00 Saturday"], "contact": "0860 102 043"},
  {"lat": -29.8811, "lng": 30.9511, "address": "Queensburgh Queens Mall, Main Rd", "tradingHours": ["09:00-18:00 Monday-Friday", "09:00-13:00 Saturday"], "contact": "0860 102 043"},
  {"lat": -26.1111, "lng": 28.1511, "address": "Greenstone Mall, Modderfontein Rd", "tradingHours": ["09:00-18:00 Monday-Friday", "09:00-17:00 Saturday"], "contact": "0860 102 043"},
  {"lat": -33.9311, "lng": 18.4111, "address": "Gardens Centre, Mill St, Cape Town", "tradingHours": ["09:00-18:00 Monday-Friday", "08:00-13:00 Saturday"], "contact": "0860 102 043"},
  {"lat": -26.2511, "lng": 27.8511, "address": "Baragwanath Mall, Old Potch Rd", "tradingHours": ["08:00-17:00 Monday-Friday", "08:00-13:00 Saturday"], "contact": "0860 102 043"},
  {"lat": -25.7011, "lng": 28.1811, "address": "Wonderboom Junction, Lavender Rd, PTA", "tradingHours": ["09:00-18:00 Monday-Friday", "08:00-17:00 Saturday"], "contact": "087 750 1000"},
  {"lat": -29.7411, "lng": 31.0111, "address": "KwaMashu Station, Malandela Rd", "tradingHours": ["08:00-17:00 Monday-Friday", "08:00-13:00 Saturday"], "contact": "0860 102 043"},
  {"lat": -26.1311, "lng": 28.0111, "address": "Killarney Mall, Riviera Rd, JHB", "tradingHours": ["09:00-18:00 Monday-Friday", "09:00-15:00 Saturday"], "contact": "0860 102 043"},
  {"lat": -33.9711, "lng": 18.8511, "address": "Stellenbosch Eikestad Mall, Andringa St", "tradingHours": ["09:00-18:00 Monday-Friday", "09:00-14:00 Saturday"], "contact": "0860 102 043"},
  {"lat": -26.2111, "lng": 28.0711, "address": "Jeppe St, JHB CBD", "tradingHours": ["08:00-17:00 Monday-Friday", "08:00-13:00 Saturday"], "contact": "0860 102 043"},
  {"lat": -25.7211, "lng": 28.1711, "address": "Mayville Mall, Van Rensburg St, PTA", "tradingHours": ["09:00-18:00 Monday-Friday", "08:00-13:00 Saturday"], "contact": "0860 102 043"},
  {"lat": -29.8311, "lng": 30.9311, "address": "Westville Junction, Westville Rd", "tradingHours": ["09:00-18:00 Monday-Friday", "09:00-13:00 Saturday"], "contact": "0860 102 043"},
  {"lat": -26.3111, "lng": 28.1311, "address": "Mall at Carnival, Airport Rd", "tradingHours": ["09:00-18:00 Monday-Friday", "09:00-17:00 Saturday"], "contact": "0860 102 043"},
  {"lat": -33.8211, "lng": 18.4811, "address": "Bayside Mall, Otto du Plessis Dr", "tradingHours": ["09:00-18:00 Monday-Friday", "09:00-17:00 Saturday"], "contact": "0860 102 043"},
  {"lat": -26.1711, "lng": 28.0511, "address": "Killarney Mall, Riviera Rd", "tradingHours": ["09:00-18:00 Monday-Friday", "09:00-14:00 Saturday"], "contact": "0860 102 043"},
  {"lat": -25.6811, "lng": 28.1511, "address": "North Park Shopping Centre, PTA", "tradingHours": ["09:00-18:00 Monday-Friday", "08:00-13:00 Saturday"], "contact": "0860 102 043"},
  {"lat": -29.8111, "lng": 31.0211, "address": "City View Shopping Centre, Greyville", "tradingHours": ["09:00-18:00 Monday-Friday", "08:00-14:00 Saturday"], "contact": "0860 102 043"},
  {"lat": -26.0211, "lng": 27.9911, "address": "Cedar Square, Cedar Rd, Fourways", "tradingHours": ["09:00-18:00 Monday-Friday", "09:00-17:00 Saturday"], "contact": "0860 102 043"},
  {"lat": -33.8711, "lng": 18.5111, "address": "Sable Square, Bosmansdam Rd, Milnerton", "tradingHours": ["09:00-18:00 Monday-Friday", "09:00-15:00 Saturday"], "contact": "0860 102 043"},
  {"lat": -26.2211, "lng": 28.0111, "address": "Main St, JHB CBD", "tradingHours": ["08:00-17:00 Monday-Friday", "08:00-13:00 Saturday"], "contact": "0860 102 043"},
  {"lat": -25.7611, "lng": 28.2611, "address": "Glenfair Blvd, Lynnwood Rd, PTA", "tradingHours": ["08:00-17:00 Monday-Friday", "08:00-13:00 Saturday"], "contact": "0860 102 043"},
  {"lat": -29.7511, "lng": 31.0511, "address": "Umhlanga Centre, Ridge Rd", "tradingHours": ["09:00-18:00 Monday-Friday", "09:00-13:00 Saturday"], "contact": "0860 102 043"},
  {"lat": -26.2811, "lng": 28.1211, "address": "Lemon Tree Mall, Swartkoppies Rd", "tradingHours": ["08:00-17:00 Monday-Friday", "08:00-13:00 Saturday"], "contact": "0860 102 043"},
  {"lat": -33.9111, "lng": 18.6611, "address": "Bellville Mid City, Voortrekker Rd", "tradingHours": ["08:00-17:00 Monday-Friday", "08:00-13:00 Saturday"], "contact": "0860 102 043"},
  {"lat": -26.1111, "lng": 28.0211, "address": "Rosebank Mall, Cradock Ave", "tradingHours": ["09:00-18:00 Monday-Friday", "09:00-17:00 Saturday"], "contact": "0860 102 043"},
  {"lat": -25.7911, "lng": 28.2811, "address": "Menlyn Retail Park, Lois Ave, PTA", "tradingHours": ["09:00-18:00 Monday-Friday", "09:00-15:00 Saturday"], "contact": "0860 102 043"},
  {"lat": -29.8911, "lng": 31.0111, "address": "Umlazi Mega City, Griffiths Mxenge Hwy", "tradingHours": ["09:00-18:00 Monday-Friday", "08:00-15:00 Saturday"], "contact": "0860 102 043"},
  {"lat": -26.0111, "lng": 28.1211, "address": "Boulders Shopping Centre, Midrand", "tradingHours": ["09:00-18:00 Monday-Friday", "09:00-15:00 Saturday"], "contact": "0860 102 043"},
  {"lat": -33.9411, "lng": 18.4911, "address": "Athlone City Centre, Old Klipfontein Rd", "tradingHours": ["08:00-17:00 Monday-Friday", "08:00-13:00 Saturday"], "contact": "0860 102 043"},
  {"lat": -26.2011, "lng": 28.0311, "address": "Diagonal St, JHB Central", "tradingHours": ["08:00-17:00 Monday-Friday", "08:00-13:00 Saturday"], "contact": "0860 102 043"},
  {"lat": -25.7511, "lng": 28.3511, "address": "Silver Lakes, Six Fountains Residential", "tradingHours": ["08:00-17:00 Monday-Friday", "08:00-13:00 Saturday"], "contact": "021 941 1377"},
  {"lat": -29.8611, "lng": 31.0211, "address": "Salmon Grove Chambers, Beach Grove, DBN", "tradingHours": ["08:00-17:00 Monday-Friday", "08:00-13:00 Saturday"], "contact": "021 941 1377"},
  {"lat": -26.1511, "lng": 28.0811, "address": "Eastgate Office Park, South Blvd", "tradingHours": ["09:00-18:00 Monday-Friday", "09:00-17:00 Saturday"], "contact": "0860 102 043"},
  {"lat": -33.9111, "lng": 18.5211, "address": "GrandWest Casino, 1 Jakes Gerwel Dr", "tradingHours": ["09:00-18:00 Monday-Friday", "09:00-17:00 Saturday"], "contact": "0860 102 043"},
  {"lat": -26.1911, "lng": 28.0611, "address": "Troyeville, Albertina Sisulu Rd", "tradingHours": ["08:00-17:00 Monday-Friday", "08:00-13:00 Saturday"], "contact": "0860 102 043"},
  {"lat": -25.7711, "lng": 28.1811, "address": "Skinner St, PTA Central", "tradingHours": ["08:00-17:00 Monday-Friday", "08:00-13:00 Saturday"], "contact": "0860 102 043"},
  {"lat": -29.8211, "lng": 30.9511, "address": "Overport City, Ridge Rd, DBN", "tradingHours": ["09:00-18:00 Monday-Friday", "09:00-14:00 Saturday"], "contact": "0860 102 043"}
]